[
  {
    "id": "0277278e-f672-40d1-bcd2-b79ff0c64393",
    "data": [
      {
        "text": "where is the nearest ",
        "userDefined": false
      },
      {
        "text": "testing centre",
        "alias": "essentialServiceType",
        "meta": "@essentialServiceType",
        "userDefined": true
      },
      {
        "text": "?",
        "userDefined": false
      }
    ],
    "isTemplate": false,
    "count": 0,
    "updated": 0
  },
  {
    "id": "f7fec51c-d04c-4c76-b1ce-ab6500bafbf1",
    "data": [
      {
        "text": "where can I get ",
        "userDefined": false
      },
      {
        "text": "groceries",
        "alias": "essentialServiceType",
        "meta": "@essentialServiceType",
        "userDefined": false
      },
      {
        "text": "?",
        "userDefined": false
      }
    ],
    "isTemplate": false,
    "count": 0,
    "updated": 0
  },
  {
    "id": "33624f54-52b1-4933-ad73-75722771d973",
    "data": [
      {
        "text": "Where can I get ",
        "userDefined": false
      },
      {
        "text": "food",
        "alias": "essentialServiceType",
        "meta": "@essentialServiceType",
        "userDefined": true
      },
      {
        "text": "?",
        "userDefined": false
      }
    ],
    "isTemplate": false,
    "count": 0,
    "updated": 0
  },
  {
    "id": "7dd5696f-9372-48bc-8f2a-31e3343efc3c",
    "data": [
      {
        "text": "Where can I get ",
        "userDefined": false
      },
      {
        "text": "medicine",
        "alias": "essentialServiceType",
        "meta": "@essentialServiceType",
        "userDefined": true
      },
      {
        "text": "?",
        "userDefined": false
      }
    ],
    "isTemplate": false,
    "count": 0,
    "updated": 0
  },
  {
    "id": "41ac224f-136b-428a-b34f-709e5f6fe930",
    "data": [
      {
        "text": "Where is the nearest ",
        "userDefined": false
      },
      {
        "text": "pharmacy",
        "alias": "essentialServiceType",
        "meta": "@essentialServiceType",
        "userDefined": true
      },
      {
        "text": "?",
        "userDefined": false
      }
    ],
    "isTemplate": false,
    "count": 0,
    "updated": 0
  },
  {
    "id": "9b42969b-1324-4139-bc94-98cdc08dcdff",
    "data": [
      {
        "text": "Where is the nearest ",
        "userDefined": false
      },
      {
        "text": "hospital",
        "alias": "essentialServiceType",
        "meta": "@essentialServiceType",
        "userDefined": true
      },
      {
        "text": "?",
        "userDefined": false
      }
    ],
    "isTemplate": false,
    "count": 0,
    "updated": 0
  },
  {
    "id": "e5ffccfd-ef92-4505-987b-93604a182be8",
    "data": [
      {
        "text": "Where is the nearest ",
        "userDefined": false
      },
      {
        "text": "clinic",
        "alias": "essentialServiceType",
        "meta": "@essentialServiceType",
        "userDefined": true
      },
      {
        "text": "?",
        "userDefined": false
      }
    ],
    "isTemplate": false,
    "count": 0,
    "updated": 0
  },
  {
    "id": "f2273eb6-309e-4e5d-995a-a508bee5a019",
    "data": [
      {
        "text": "Where is the nearest place I can get ",
        "userDefined": false
      },
      {
        "text": "food",
        "alias": "essentialServiceType",
        "meta": "@essentialServiceType",
        "userDefined": true
      },
      {
        "text": "?",
        "userDefined": false
      }
    ],
    "isTemplate": false,
    "count": 1,
    "updated": 0
  },
  {
    "id": "a222cf2e-0a6c-41bc-8398-616a1765e585",
    "data": [
      {
        "text": "Where are the nearest ",
        "userDefined": false
      },
      {
        "text": "shops",
        "alias": "essentialServiceType",
        "meta": "@essentialServiceType",
        "userDefined": true
      },
      {
        "text": "?",
        "userDefined": false
      }
    ],
    "isTemplate": false,
    "count": 0,
    "updated": 0
  }
]