[
  {
    "id": "a94e6d0f-15ec-4fce-adf5-9a9870aa761a",
    "data": [
      {
        "text": "Tell me about ",
        "userDefined": false
      },
      {
        "text": "frequently asked questions",
        "alias": "faq",
        "meta": "@faq",
        "userDefined": false
      },
      {
        "text": ".",
        "userDefined": false
      }
    ],
    "isTemplate": false,
    "count": 0,
    "updated": 0
  },
  {
    "id": "a3629423-edcd-4186-9068-9b23b8f96c00",
    "data": [
      {
        "text": "What ",
        "userDefined": false
      },
      {
        "text": "FAQs",
        "alias": "faq",
        "meta": "@faq",
        "userDefined": false
      },
      {
        "text": " are ",
        "userDefined": false
      },
      {
        "text": "there",
        "meta": "@sys.ignore",
        "userDefined": false
      },
      {
        "text": "?",
        "userDefined": false
      }
    ],
    "isTemplate": false,
    "count": 0,
    "updated": 0
  },
  {
    "id": "b622f4e3-a17e-4845-a222-147be55b96c9",
    "data": [
      {
        "text": "the ",
        "userDefined": false
      },
      {
        "text": "FAQs",
        "alias": "faq",
        "meta": "@faq",
        "userDefined": false
      },
      {
        "text": " seem interesting.",
        "userDefined": false
      }
    ],
    "isTemplate": false,
    "count": 0,
    "updated": 0
  },
  {
    "id": "1b63d37f-abc8-4e76-b47d-270f1416c18a",
    "data": [
      {
        "text": "What are the ",
        "userDefined": false
      },
      {
        "text": "faqs",
        "alias": "faq",
        "meta": "@faq",
        "userDefined": false
      }
    ],
    "isTemplate": false,
    "count": 0,
    "updated": 0
  },
  {
    "id": "d16efd9b-40c6-4ab2-8044-af3a1add7896",
    "data": [
      {
        "text": "I ",
        "userDefined": false
      },
      {
        "text": "want to",
        "meta": "@sys.ignore",
        "userDefined": false
      },
      {
        "text": " know about ",
        "userDefined": false
      },
      {
        "text": "frequently asked questions",
        "alias": "faq",
        "meta": "@faq",
        "userDefined": false
      }
    ],
    "isTemplate": false,
    "count": 0,
    "updated": 0
  },
  {
    "id": "10d0960c-7270-4039-87d4-39ca65ddc808",
    "data": [
      {
        "text": "frequently asked questions",
        "alias": "faq",
        "meta": "@faq",
        "userDefined": false
      }
    ],
    "isTemplate": false,
    "count": 0,
    "updated": 0
  },
  {
    "id": "3e9189dc-4872-4511-9ac7-558c8a89f0d0",
    "data": [
      {
        "text": "FAQ",
        "alias": "faq",
        "meta": "@faq",
        "userDefined": false
      }
    ],
    "isTemplate": false,
    "count": 0,
    "updated": 0
  }
]