[
  {
    "id": "b021cb9a-6620-4d10-87fd-14985fda2eeb",
    "data": [
      {
        "text": "please assess my risks. Thanks.",
        "userDefined": false
      }
    ],
    "isTemplate": false,
    "count": 0,
    "updated": 0
  },
  {
    "id": "333ed2c9-2db0-4877-846c-5bc40ffd5339",
    "data": [
      {
        "text": "i want a risk assessment please",
        "userDefined": false
      }
    ],
    "isTemplate": false,
    "count": 0,
    "updated": 0
  },
  {
    "id": "bb860b31-91e4-457c-bc29-8887b87e9098",
    "data": [
      {
        "text": "health risk assessment",
        "userDefined": false
      }
    ],
    "isTemplate": false,
    "count": 0,
    "updated": 0
  },
  {
    "id": "11f906fc-abd2-4342-8cda-31d76eb18ab2",
    "data": [
      {
        "text": "health risk",
        "userDefined": false
      }
    ],
    "isTemplate": false,
    "count": 0,
    "updated": 0
  },
  {
    "id": "4099dee6-6402-4456-8bfc-e9a810e547f2",
    "data": [
      {
        "text": "assess my risk",
        "userDefined": false
      }
    ],
    "isTemplate": false,
    "count": 0,
    "updated": 0
  },
  {
    "id": "7604ad69-fdf5-458b-9706-f3b85c755856",
    "data": [
      {
        "text": "risk",
        "userDefined": false
      }
    ],
    "isTemplate": false,
    "count": 0,
    "updated": 0
  },
  {
    "id": "47ca59be-6ca6-45eb-822e-f9079548600d",
    "data": [
      {
        "text": "Risk assessment",
        "userDefined": false
      }
    ],
    "isTemplate": false,
    "count": 0,
    "updated": 0
  }
]