[
  {
    "id": "6077dd47-b520-42a6-9bd6-4e9dcb81415e",
    "data": [
      {
        "text": "I think I need tips on ",
        "userDefined": false
      },
      {
        "text": "exercise",
        "alias": "mentalHealth",
        "meta": "@mentalHealth",
        "userDefined": true
      }
    ],
    "isTemplate": false,
    "count": 0,
    "updated": 0
  },
  {
    "id": "a195caab-755b-4031-84a9-b6b79a8f37cd",
    "data": [
      {
        "text": "mental health",
        "alias": "mentalHealth",
        "meta": "@mentalHealth",
        "userDefined": true
      }
    ],
    "isTemplate": false,
    "count": 0,
    "updated": 0
  },
  {
    "id": "c0ea1167-7302-4967-a41c-185bd86b0cd9",
    "data": [
      {
        "text": "I feel ",
        "userDefined": false
      },
      {
        "text": "depressed",
        "alias": "mentalHealth",
        "meta": "@mentalHealth",
        "userDefined": true
      }
    ],
    "isTemplate": false,
    "count": 0,
    "updated": 0
  },
  {
    "id": "a641e72d-fdcb-44f7-ab4c-d1517d0a4700",
    "data": [
      {
        "text": "I am feeling ",
        "userDefined": false
      },
      {
        "text": "alone",
        "alias": "mentalHealth",
        "meta": "@mentalHealth",
        "userDefined": true
      }
    ],
    "isTemplate": false,
    "count": 0,
    "updated": 0
  },
  {
    "id": "74a7930e-6028-41cf-bba8-09a981d0d28f",
    "data": [
      {
        "text": "I want to know about ",
        "userDefined": false
      },
      {
        "text": "mental health",
        "alias": "mentalHealth",
        "meta": "@mentalHealth",
        "userDefined": true
      }
    ],
    "isTemplate": false,
    "count": 0,
    "updated": 0
  }
]